user,ip,time,status
john,192.168.1.1,10:00,success
john,192.168.1.1,10:01,failed
john,192.168.1.1,10:02,failed
john,192.168.1.1,10:03,failed
john,192.168.1.1,10:04,failed
john,192.168.1.1,10:05,failed
alice,10.0.0.1,11:00,success
bob,172.16.0.5,12:00,success
bob,172.16.0.5,12:01,failed
bob,172.16.0.5,13:33:58,success
alice,192.168.1.1,13:34:00,success
bob,192.168.1.1,13:34:02,success
john,172.16.0.5,13:34:04,failed
alice,10.0.0.1,13:34:06,success
alice,192.168.1.1,13:34:08,success
admin,172.16.0.5,13:34:10,failed
john,10.0.0.1,13:34:12,failed
alice,172.16.0.5,13:34:14,failed
admin,172.16.0.5,13:34:16,failed
john,10.0.0.1,13:34:18,failed
admin,192.168.1.1,13:34:20,success
john,192.168.1.1,13:34:22,failed
bob,10.0.0.1,13:34:24,failed
alice,192.168.1.1,13:34:26,failed
admin,172.16.0.5,13:34:28,success
john,10.0.0.1,13:34:30,failed
admin,172.16.0.5,13:34:32,failed
bob,10.0.0.1,13:34:34,success
john,10.0.0.1,13:34:36,success
alice,192.168.1.1,13:34:38,success
alice,172.16.0.5,13:34:40,failed
alice,172.16.0.5,13:34:42,failed
admin,172.16.0.5,13:34:44,success
john,10.0.0.1,13:34:46,success
admin,172.16.0.5,13:34:48,success
bob,10.0.0.1,13:34:50,success
admin,10.0.0.1,13:34:52,failed
bob,10.0.0.1,13:34:54,success
bob,172.16.0.5,13:34:56,success
john,192.168.1.1,13:34:58,success
john,192.168.1.1,13:35:00,success
john,10.0.0.1,13:35:02,failed
john,192.168.1.1,13:35:04,success
john,172.16.0.5,13:35:06,success
bob,10.0.0.1,13:35:08,failed
bob,192.168.1.1,13:35:10,success
john,10.0.0.1,13:35:12,success
admin,172.16.0.5,13:35:14,success
john,192.168.1.1,13:35:16,failed
alice,172.16.0.5,13:35:18,success
alice,172.16.0.5,13:35:20,failed
alice,10.0.0.1,13:35:22,failed
john,172.16.0.5,13:35:24,failed
alice,172.16.0.5,13:35:26,success
admin,10.0.0.1,13:35:28,failed
john,10.0.0.1,13:35:30,failed
john,172.16.0.5,13:35:32,success
john,192.168.1.1,13:35:34,failed
admin,10.0.0.1,13:35:36,success
alice,192.168.1.1,13:35:38,failed
john,192.168.1.1,13:35:40,failed
admin,10.0.0.1,13:35:42,failed
bob,192.168.1.1,13:35:44,success
admin,192.168.1.1,13:35:46,success
alice,10.0.0.1,13:35:48,success
bob,172.16.0.5,13:35:50,failed
alice,172.16.0.5,13:35:52,failed
bob,192.168.1.1,13:35:54,success
bob,10.0.0.1,13:35:56,success
alice,172.16.0.5,13:35:58,failed
alice,172.16.0.5,13:36:00,success
admin,172.16.0.5,13:36:02,failed
john,10.0.0.1,13:36:04,success
alice,172.16.0.5,13:36:06,failed
john,10.0.0.1,13:36:08,failed
alice,10.0.0.1,13:36:10,failed
john,10.0.0.1,13:36:12,failed
john,172.16.0.5,13:36:14,success
admin,10.0.0.1,13:36:16,failed
john,10.0.0.1,13:36:18,failed
alice,10.0.0.1,13:36:20,success
alice,10.0.0.1,13:36:22,failed
john,10.0.0.1,13:36:24,success
bob,10.0.0.1,13:36:26,success
alice,172.16.0.5,13:36:28,success
admin,10.0.0.1,13:36:30,success
bob,10.0.0.1,13:36:32,failed
alice,192.168.1.1,13:36:34,success
bob,10.0.0.1,13:36:36,success
alice,192.168.1.1,13:36:38,success
bob,192.168.1.1,13:36:40,success
alice,172.16.0.5,13:36:42,failed
bob,10.0.0.1,13:36:44,success
alice,172.16.0.5,13:36:46,success
bob,10.0.0.1,13:36:48,failed
alice,10.0.0.1,13:36:50,failed
bob,172.16.0.5,13:36:52,failed
admin,10.0.0.1,13:36:54,success
bob,172.16.0.5,13:36:56,success
admin,10.0.0.1,13:36:58,failed
john,192.168.1.1,13:37:00,failed
bob,172.16.0.5,13:37:02,failed
admin,10.0.0.1,13:37:04,success
john,172.16.0.5,13:37:06,failed
alice,172.16.0.5,13:37:08,failed
bob,192.168.1.1,13:37:10,success
john,10.0.0.1,13:37:12,success
alice,192.168.1.1,13:37:14,success
admin,172.16.0.5,13:37:16,failed
admin,172.16.0.5,13:37:18,failed
bob,192.168.1.1,13:37:20,success
bob,192.168.1.1,13:37:22,success
admin,172.16.0.5,13:37:24,success
alice,192.168.1.1,13:37:26,failed
bob,192.168.1.1,13:37:28,failed
john,172.16.0.5,13:37:30,failed
alice,10.0.0.1,13:37:32,failed
admin,192.168.1.1,13:37:34,success
bob,10.0.0.1,13:37:36,failed
alice,172.16.0.5,13:37:38,success
bob,192.168.1.1,13:37:40,failed
admin,192.168.1.1,13:37:42,success
john,172.16.0.5,13:37:44,failed
admin,10.0.0.1,13:37:46,success
bob,192.168.1.1,13:37:48,failed
john,172.16.0.5,13:37:50,success
admin,10.0.0.1,13:37:52,success
alice,172.16.0.5,13:37:54,success
john,10.0.0.1,13:37:56,failed
admin,192.168.1.1,13:37:58,success
admin,192.168.1.1,13:38:00,success
admin,172.16.0.5,13:38:02,success
john,192.168.1.1,13:38:04,success
john,192.168.1.1,13:38:06,failed
alice,192.168.1.1,13:38:08,success
alice,172.16.0.5,13:38:10,failed
john,172.16.0.5,13:38:12,failed
admin,172.16.0.5,13:38:14,success
bob,10.0.0.1,13:38:16,success
admin,192.168.1.1,13:38:18,failed
john,10.0.0.1,13:38:20,success
alice,172.16.0.5,13:38:22,failed
john,172.16.0.5,13:38:24,success
bob,10.0.0.1,13:38:26,success
alice,172.16.0.5,13:38:28,success
john,192.168.1.1,13:38:30,failed
bob,192.168.1.1,13:38:32,failed
admin,172.16.0.5,13:38:34,success
alice,172.16.0.5,13:38:36,success
bob,192.168.1.1,13:38:38,failed
alice,192.168.1.1,13:38:40,failed
john,10.0.0.1,13:38:42,failed
admin,10.0.0.1,13:38:44,failed
admin,192.168.1.1,13:38:46,failed
admin,172.16.0.5,13:38:48,failed
alice,172.16.0.5,13:38:50,success
bob,10.0.0.1,13:38:52,failed
alice,192.168.1.1,13:38:54,failed
admin,192.168.1.1,13:38:56,failed
alice,192.168.1.1,13:38:58,success
john,192.168.1.1,13:39:00,failed
bob,192.168.1.1,13:39:02,failed
alice,172.16.0.5,13:39:04,success
john,10.0.0.1,13:39:06,failed
alice,172.16.0.5,13:39:08,success
admin,192.168.1.1,13:39:10,success
admin,192.168.1.1,13:39:12,failed
bob,172.16.0.5,13:39:14,failed
bob,10.0.0.1,13:39:16,failed
bob,192.168.1.1,13:39:18,failed
admin,172.16.0.5,13:39:20,failed
alice,10.0.0.1,13:39:22,failed
admin,192.168.1.1,13:39:24,failed
bob,10.0.0.1,13:39:26,failed
admin,10.0.0.1,13:39:28,success
admin,192.168.1.1,13:39:30,success
alice,192.168.1.1,13:39:32,success
bob,172.16.0.5,13:39:34,failed
bob,172.16.0.5,13:39:36,failed
admin,192.168.1.1,13:39:38,failed
bob,172.16.0.5,13:39:40,failed
bob,10.0.0.1,13:39:42,failed
alice,192.168.1.1,13:39:44,failed
alice,10.0.0.1,13:39:46,success
john,192.168.1.1,13:39:48,failed
bob,10.0.0.1,13:39:50,success
alice,192.168.1.1,13:39:52,success
admin,10.0.0.1,13:39:54,success
alice,172.16.0.5,13:39:56,failed
admin,192.168.1.1,13:39:58,success
admin,172.16.0.5,13:40:00,success
admin,10.0.0.1,13:40:02,failed
admin,10.0.0.1,13:40:04,failed
bob,192.168.1.1,13:40:06,success
alice,172.16.0.5,13:40:08,success
john,10.0.0.1,13:40:10,failed
alice,192.168.1.1,13:40:12,success
alice,10.0.0.1,13:40:14,success
john,192.168.1.1,13:40:16,failed
admin,10.0.0.1,13:40:18,success
alice,192.168.1.1,13:40:20,failed
bob,192.168.1.1,13:40:22,success
admin,172.16.0.5,13:40:24,failed
bob,10.0.0.1,13:40:26,success
bob,10.0.0.1,13:40:28,failed
john,10.0.0.1,13:40:30,failed
john,10.0.0.1,13:40:32,failed
admin,192.168.1.1,13:40:34,success
alice,192.168.1.1,13:40:36,failed
john,10.0.0.1,13:40:38,failed
alice,10.0.0.1,13:40:40,success
john,192.168.1.1,13:40:42,success
alice,172.16.0.5,13:40:44,failed
alice,10.0.0.1,13:40:46,success
alice,192.168.1.1,13:40:48,failed
bob,10.0.0.1,13:40:50,success
admin,172.16.0.5,13:40:52,failed
admin,10.0.0.1,13:40:54,failed
john,10.0.0.1,13:40:56,success
john,172.16.0.5,13:40:58,success
john,10.0.0.1,13:41:00,success
bob,192.168.1.1,13:41:02,success
john,192.168.1.1,13:41:04,failed
admin,10.0.0.1,13:41:06,success
bob,172.16.0.5,13:41:08,success
john,172.16.0.5,13:41:10,success
bob,172.16.0.5,13:41:12,failed
admin,192.168.1.1,13:41:14,success
admin,10.0.0.1,13:41:16,failed
bob,172.16.0.5,13:41:18,success
admin,10.0.0.1,13:41:20,success
admin,192.168.1.1,13:41:22,failed
bob,192.168.1.1,13:41:24,failed
john,10.0.0.1,13:41:26,success
alice,10.0.0.1,13:41:28,success
john,172.16.0.5,13:41:30,success
alice,10.0.0.1,13:41:32,success
john,10.0.0.1,13:41:34,success
admin,10.0.0.1,13:41:36,success
bob,172.16.0.5,13:41:38,success
bob,192.168.1.1,13:41:40,failed
john,10.0.0.1,13:41:42,failed
alice,172.16.0.5,13:41:44,success
bob,10.0.0.1,13:41:46,success
alice,192.168.1.1,13:41:48,failed
bob,192.168.1.1,13:41:50,failed
john,172.16.0.5,13:41:52,failed
bob,172.16.0.5,13:41:54,failed
john,10.0.0.1,13:41:56,failed
alice,10.0.0.1,13:41:58,success
alice,172.16.0.5,13:42:00,failed
alice,192.168.1.1,13:42:02,success
john,172.16.0.5,13:42:04,failed
admin,10.0.0.1,13:42:06,failed
john,10.0.0.1,13:42:08,success
bob,192.168.1.1,13:42:10,success
admin,10.0.0.1,13:42:12,failed
alice,172.16.0.5,13:42:14,failed
alice,10.0.0.1,13:42:16,failed
alice,192.168.1.1,13:42:18,success
john,10.0.0.1,13:42:20,failed
alice,10.0.0.1,13:42:22,failed
john,192.168.1.1,13:42:24,failed
admin,10.0.0.1,13:42:26,failed
admin,172.16.0.5,13:42:28,success
john,192.168.1.1,13:42:30,failed
alice,10.0.0.1,13:42:32,success
john,10.0.0.1,13:42:34,failed
admin,10.0.0.1,13:42:36,failed
john,172.16.0.5,13:42:38,failed
admin,10.0.0.1,13:42:40,failed
john,192.168.1.1,13:42:42,success
john,10.0.0.1,13:42:44,failed
alice,10.0.0.1,13:42:46,success
bob,192.168.1.1,13:42:48,failed
alice,172.16.0.5,13:42:50,success
bob,172.16.0.5,13:42:52,success
admin,10.0.0.1,13:42:54,failed
john,192.168.1.1,13:42:56,success
john,10.0.0.1,13:42:58,failed
alice,172.16.0.5,13:43:00,failed
admin,10.0.0.1,13:43:02,failed
alice,192.168.1.1,13:43:04,success
alice,192.168.1.1,13:43:06,success
john,10.0.0.1,13:43:08,success
alice,10.0.0.1,13:43:10,failed
admin,192.168.1.1,13:43:12,success
alice,10.0.0.1,13:43:14,failed
bob,172.16.0.5,13:43:16,failed
alice,192.168.1.1,13:43:18,failed
admin,10.0.0.1,13:43:20,failed
john,192.168.1.1,13:43:22,success
john,192.168.1.1,13:43:24,failed
admin,10.0.0.1,13:43:26,success
admin,192.168.1.1,13:43:28,failed
bob,192.168.1.1,13:43:30,failed
admin,10.0.0.1,13:43:32,failed
john,192.168.1.1,13:43:34,success
john,172.16.0.5,13:43:36,failed
bob,192.168.1.1,13:43:38,failed
admin,10.0.0.1,13:43:40,failed
john,10.0.0.1,13:43:42,success
john,192.168.1.1,13:43:44,failed
admin,172.16.0.5,13:43:46,success
bob,172.16.0.5,13:43:48,failed
admin,192.168.1.1,13:43:50,failed
admin,172.16.0.5,13:43:52,failed
alice,10.0.0.1,13:43:54,failed
admin,172.16.0.5,13:43:56,success
john,10.0.0.1,13:43:58,success
bob,10.0.0.1,13:44:00,failed
bob,192.168.1.1,13:44:02,success
bob,192.168.1.1,13:44:04,success
admin,10.0.0.1,13:44:06,success
john,192.168.1.1,13:44:08,success
alice,172.16.0.5,13:44:10,success
admin,172.16.0.5,13:44:12,failed
bob,10.0.0.1,13:44:14,failed
john,172.16.0.5,13:44:16,success
john,172.16.0.5,13:44:18,success
john,192.168.1.1,13:44:20,success
john,10.0.0.1,13:44:22,failed
admin,10.0.0.1,13:44:24,failed
alice,192.168.1.1,13:44:26,success
john,172.16.0.5,13:44:28,failed
admin,172.16.0.5,13:44:30,failed
bob,172.16.0.5,13:44:32,success
admin,172.16.0.5,13:44:34,failed
admin,10.0.0.1,13:44:36,success
bob,192.168.1.1,13:44:38,success
alice,192.168.1.1,13:44:40,success
admin,192.168.1.1,13:44:42,failed
alice,172.16.0.5,13:44:44,failed
admin,192.168.1.1,13:44:46,success
alice,172.16.0.5,13:44:48,failed
alice,172.16.0.5,13:44:50,failed
admin,10.0.0.1,13:44:52,failed
john,192.168.1.1,13:44:54,success
admin,172.16.0.5,13:44:56,success
admin,192.168.1.1,13:44:58,success
admin,10.0.0.1,13:45:00,failed
alice,10.0.0.1,13:45:02,success
alice,192.168.1.1,13:45:04,failed
john,10.0.0.1,13:45:06,failed
admin,10.0.0.1,13:45:08,failed
bob,172.16.0.5,13:45:10,success
alice,10.0.0.1,13:45:12,success
john,172.16.0.5,13:45:14,success
alice,192.168.1.1,13:45:16,success
alice,192.168.1.1,13:45:18,failed
admin,172.16.0.5,13:45:20,success
admin,10.0.0.1,13:45:22,success
john,172.16.0.5,13:45:24,success
john,192.168.1.1,13:45:26,success
alice,192.168.1.1,13:45:28,success
john,192.168.1.1,13:45:30,success
admin,10.0.0.1,13:45:32,failed
admin,172.16.0.5,13:45:34,failed
alice,192.168.1.1,13:45:36,success
admin,172.16.0.5,13:45:38,success
bob,10.0.0.1,13:45:40,failed
bob,172.16.0.5,13:45:42,failed
bob,172.16.0.5,13:45:44,failed
alice,10.0.0.1,13:45:46,failed
bob,192.168.1.1,13:45:48,failed
john,192.168.1.1,13:45:50,failed
bob,10.0.0.1,13:45:52,failed
admin,192.168.1.1,13:45:54,failed
alice,192.168.1.1,13:45:56,failed
alice,192.168.1.1,13:45:58,failed
bob,192.168.1.1,13:46:00,success
bob,172.16.0.5,13:46:02,success
alice,10.0.0.1,13:46:04,success
alice,10.0.0.1,13:46:06,success
alice,172.16.0.5,13:46:08,failed
admin,172.16.0.5,13:46:10,failed
admin,192.168.1.1,13:46:12,success
admin,172.16.0.5,13:46:14,success
alice,192.168.1.1,13:46:16,failed
john,192.168.1.1,13:46:18,success
john,172.16.0.5,13:46:20,success
admin,10.0.0.1,13:46:22,success
admin,172.16.0.5,13:46:24,success
admin,10.0.0.1,13:46:26,success
bob,10.0.0.1,13:46:28,success
bob,172.16.0.5,13:46:30,success
alice,172.16.0.5,13:46:32,success
alice,192.168.1.1,13:46:34,failed
bob,172.16.0.5,13:46:36,success
alice,192.168.1.1,13:46:38,failed
john,192.168.1.1,13:46:40,failed
bob,10.0.0.1,13:46:42,failed
admin,172.16.0.5,13:46:44,success
john,172.16.0.5,13:46:46,success
john,172.16.0.5,13:46:48,failed
john,10.0.0.1,13:46:50,success
john,192.168.1.1,13:46:52,success
john,172.16.0.5,13:46:54,success
admin,172.16.0.5,13:46:56,failed
admin,10.0.0.1,13:46:58,failed
john,192.168.1.1,13:47:00,failed
bob,10.0.0.1,13:47:02,failed
admin,172.16.0.5,13:47:04,success
alice,10.0.0.1,13:47:06,success
bob,192.168.1.1,13:47:08,success
john,10.0.0.1,13:47:10,success
admin,172.16.0.5,13:47:12,success
admin,192.168.1.1,13:47:14,success
admin,10.0.0.1,13:47:16,success
john,172.16.0.5,13:47:18,failed
alice,172.16.0.5,13:47:20,failed
admin,192.168.1.1,13:47:22,success
alice,10.0.0.1,13:47:24,success
bob,10.0.0.1,13:47:26,failed
john,192.168.1.1,13:47:28,success
bob,10.0.0.1,13:47:30,success
john,10.0.0.1,13:47:32,failed
john,10.0.0.1,13:47:34,failed
admin,172.16.0.5,13:47:36,success
admin,192.168.1.1,13:47:38,failed
john,192.168.1.1,13:47:40,failed
john,10.0.0.1,13:47:42,failed
bob,172.16.0.5,13:47:44,success
alice,192.168.1.1,13:47:46,success
alice,192.168.1.1,13:47:48,success
john,192.168.1.1,13:47:50,success
john,192.168.1.1,13:47:52,success
admin,10.0.0.1,13:47:54,success
admin,192.168.1.1,13:47:56,success
bob,172.16.0.5,13:47:58,failed
alice,172.16.0.5,13:48:00,failed
alice,192.168.1.1,13:48:02,success
john,172.16.0.5,13:48:04,failed
admin,192.168.1.1,13:48:06,failed
john,172.16.0.5,13:48:08,success
john,10.0.0.1,13:48:10,failed
john,10.0.0.1,13:48:12,success
admin,172.16.0.5,13:48:14,success
john,10.0.0.1,13:48:16,success
admin,192.168.1.1,13:48:18,failed
bob,10.0.0.1,13:48:20,success
alice,10.0.0.1,13:48:22,failed
bob,192.168.1.1,13:48:24,success
john,10.0.0.1,13:48:26,success
john,10.0.0.1,13:48:28,failed
admin,172.16.0.5,13:48:30,failed
alice,172.16.0.5,13:48:32,failed
alice,10.0.0.1,13:48:34,failed
bob,10.0.0.1,13:48:36,failed
admin,10.0.0.1,13:48:38,failed
john,10.0.0.1,13:48:40,failed
alice,192.168.1.1,13:48:42,failed
alice,192.168.1.1,13:48:44,success
john,192.168.1.1,13:48:46,failed
admin,10.0.0.1,13:48:48,failed
admin,172.16.0.5,13:48:50,success
alice,172.16.0.5,13:48:52,success
alice,192.168.1.1,13:48:54,failed
bob,192.168.1.1,13:48:56,failed
bob,192.168.1.1,13:48:58,failed
john,192.168.1.1,13:49:00,failed
alice,192.168.1.1,13:49:02,failed
admin,172.16.0.5,13:49:04,failed
john,192.168.1.1,13:49:06,success
john,192.168.1.1,13:49:08,success
bob,172.16.0.5,13:49:10,failed
bob,172.16.0.5,13:49:12,failed
john,10.0.0.1,13:49:14,success
admin,172.16.0.5,13:49:16,failed
alice,192.168.1.1,13:49:18,success
admin,172.16.0.5,13:49:20,success
bob,192.168.1.1,13:49:22,failed
bob,172.16.0.5,13:49:24,failed
admin,172.16.0.5,13:49:26,failed
bob,172.16.0.5,13:49:28,failed
alice,10.0.0.1,13:49:30,success
john,192.168.1.1,13:49:32,success
admin,172.16.0.5,13:49:34,success
alice,10.0.0.1,13:49:36,failed
john,10.0.0.1,13:49:38,failed
bob,192.168.1.1,13:49:40,failed
admin,10.0.0.1,13:49:42,success
alice,10.0.0.1,13:49:44,failed
admin,172.16.0.5,13:49:46,failed
alice,192.168.1.1,13:49:48,success
admin,192.168.1.1,13:49:50,failed
bob,172.16.0.5,13:49:52,failed
bob,172.16.0.5,13:49:54,failed
admin,10.0.0.1,13:49:56,failed
alice,172.16.0.5,13:49:58,failed
john,172.16.0.5,13:50:00,success
bob,10.0.0.1,13:50:02,failed
admin,172.16.0.5,13:50:04,failed
john,172.16.0.5,13:50:06,failed
admin,172.16.0.5,13:50:08,failed
admin,192.168.1.1,13:50:10,failed
alice,172.16.0.5,13:50:12,failed
john,10.0.0.1,13:50:14,failed
admin,172.16.0.5,13:50:16,failed
john,192.168.1.1,13:50:18,success
john,192.168.1.1,13:50:20,success
bob,172.16.0.5,13:50:22,failed
bob,172.16.0.5,13:50:24,failed
admin,192.168.1.1,13:50:26,failed
alice,10.0.0.1,13:50:28,success
alice,10.0.0.1,13:50:30,failed
alice,10.0.0.1,13:50:32,failed
john,10.0.0.1,13:50:34,success
admin,172.16.0.5,13:50:36,success
admin,172.16.0.5,13:50:38,success
admin,10.0.0.1,13:50:40,failed
admin,10.0.0.1,13:50:42,success
john,10.0.0.1,13:50:44,success
bob,172.16.0.5,13:50:46,success
bob,10.0.0.1,13:50:48,failed
bob,192.168.1.1,13:50:50,failed
bob,192.168.1.1,13:50:52,failed
admin,172.16.0.5,13:50:54,success
john,172.16.0.5,13:50:56,success
john,172.16.0.5,13:50:58,success
alice,192.168.1.1,13:51:00,failed
alice,192.168.1.1,13:51:02,success
john,10.0.0.1,13:51:04,failed
admin,172.16.0.5,13:51:06,success
admin,10.0.0.1,13:51:09,failed
alice,192.168.1.1,13:51:11,failed
admin,172.16.0.5,13:51:13,success
bob,10.0.0.1,13:51:15,failed
alice,192.168.1.1,13:51:17,success
alice,192.168.1.1,13:51:19,failed
john,10.0.0.1,13:51:21,failed
alice,172.16.0.5,13:51:23,failed
alice,172.16.0.5,13:51:25,failed
bob,172.16.0.5,13:51:27,failed
alice,172.16.0.5,13:51:29,success
admin,172.16.0.5,13:51:31,success
alice,172.16.0.5,13:51:33,failed
bob,172.16.0.5,13:51:35,success
bob,172.16.0.5,13:51:37,failed
bob,172.16.0.5,13:51:39,failed
alice,192.168.1.1,13:51:41,failed
bob,192.168.1.1,13:51:43,success
alice,192.168.1.1,13:51:45,failed
admin,192.168.1.1,13:51:47,failed
admin,10.0.0.1,13:51:49,failed
john,172.16.0.5,13:51:51,failed
admin,10.0.0.1,13:51:53,failed
alice,10.0.0.1,13:51:55,success
john,10.0.0.1,13:51:57,success
bob,192.168.1.1,13:51:59,failed
alice,10.0.0.1,13:52:01,failed
john,10.0.0.1,13:52:03,success
admin,192.168.1.1,13:52:05,failed
bob,10.0.0.1,13:52:07,success
john,192.168.1.1,13:52:09,failed
john,172.16.0.5,13:52:11,failed
john,192.168.1.1,13:52:13,failed
bob,10.0.0.1,13:52:15,failed
admin,10.0.0.1,13:52:17,failed
john,10.0.0.1,13:52:19,success
bob,10.0.0.1,13:52:21,success
alice,10.0.0.1,13:52:23,success
alice,172.16.0.5,13:52:25,failed
admin,172.16.0.5,13:52:27,failed
alice,192.168.1.1,13:52:29,success
admin,192.168.1.1,13:52:31,failed
bob,172.16.0.5,13:52:33,success
bob,192.168.1.1,13:52:35,failed
john,192.168.1.1,13:52:37,failed
alice,172.16.0.5,13:52:39,success
admin,10.0.0.1,13:52:41,success
admin,172.16.0.5,13:52:43,success
admin,192.168.1.1,13:52:45,success
alice,192.168.1.1,13:52:47,success
admin,172.16.0.5,13:52:49,success
alice,192.168.1.1,13:52:51,success
bob,10.0.0.1,13:52:53,failed
admin,10.0.0.1,13:52:55,failed
bob,172.16.0.5,13:52:57,failed
admin,172.16.0.5,13:52:59,failed
alice,10.0.0.1,13:53:01,failed
admin,172.16.0.5,13:53:03,failed
bob,192.168.1.1,13:53:05,success
admin,192.168.1.1,13:53:07,success
admin,10.0.0.1,13:53:09,failed
john,172.16.0.5,13:53:11,failed
bob,192.168.1.1,13:53:13,success
alice,192.168.1.1,13:53:15,failed
alice,10.0.0.1,13:53:17,success
john,172.16.0.5,13:53:19,success
admin,172.16.0.5,13:53:21,success
alice,10.0.0.1,13:53:23,failed
john,192.168.1.1,13:53:25,success
alice,172.16.0.5,13:53:27,failed
john,10.0.0.1,13:53:29,success
john,172.16.0.5,13:53:31,failed
alice,172.16.0.5,13:53:33,failed
john,172.16.0.5,13:53:35,success
john,192.168.1.1,13:53:37,success
alice,192.168.1.1,13:53:39,failed
bob,192.168.1.1,13:53:41,failed
john,192.168.1.1,13:53:43,failed
bob,192.168.1.1,13:53:45,success
john,192.168.1.1,13:53:47,failed
admin,10.0.0.1,13:53:49,success
admin,192.168.1.1,13:53:51,failed
admin,192.168.1.1,13:53:53,failed
john,172.16.0.5,13:53:55,success
bob,10.0.0.1,13:53:57,success
alice,192.168.1.1,13:53:59,failed
admin,192.168.1.1,13:54:01,success
bob,192.168.1.1,13:54:03,success
alice,10.0.0.1,13:54:05,success
bob,192.168.1.1,13:54:07,success
admin,10.0.0.1,13:54:09,failed
alice,172.16.0.5,13:54:11,success
bob,192.168.1.1,13:54:13,failed
john,192.168.1.1,13:54:15,failed
alice,172.16.0.5,13:54:17,success
bob,172.16.0.5,13:54:19,success
admin,10.0.0.1,13:54:21,success
admin,192.168.1.1,13:54:23,failed
john,192.168.1.1,13:54:25,failed
bob,172.16.0.5,13:54:27,failed
bob,192.168.1.1,13:54:29,success
john,10.0.0.1,13:54:31,failed
admin,10.0.0.1,13:54:33,success
bob,10.0.0.1,13:54:35,failed
admin,172.16.0.5,13:54:37,success
bob,192.168.1.1,13:54:39,success
bob,10.0.0.1,13:54:41,failed
john,192.168.1.1,13:54:43,failed
admin,10.0.0.1,13:54:45,failed
admin,172.16.0.5,13:54:47,success
john,10.0.0.1,13:54:49,failed
bob,172.16.0.5,13:54:51,success
bob,192.168.1.1,13:54:53,success
alice,192.168.1.1,13:54:55,failed
alice,10.0.0.1,13:54:57,failed
alice,192.168.1.1,13:54:59,failed
bob,10.0.0.1,13:55:01,failed
bob,192.168.1.1,13:55:03,failed
bob,172.16.0.5,13:55:05,failed
alice,10.0.0.1,13:55:07,success
bob,172.16.0.5,13:55:09,failed
bob,10.0.0.1,13:55:11,failed
admin,192.168.1.1,13:55:13,failed
john,172.16.0.5,13:55:15,success
john,192.168.1.1,13:55:17,failed
admin,192.168.1.1,13:55:19,failed
john,192.168.1.1,13:55:21,success
bob,192.168.1.1,13:55:23,success
admin,172.16.0.5,13:55:25,success
alice,10.0.0.1,13:55:27,failed
admin,172.16.0.5,13:55:29,failed
john,10.0.0.1,13:55:31,failed
admin,172.16.0.5,13:55:33,failed
admin,192.168.1.1,13:55:35,success
john,10.0.0.1,13:55:37,failed
bob,172.16.0.5,13:55:39,success
john,172.16.0.5,13:55:41,success
bob,10.0.0.1,13:55:43,success
alice,172.16.0.5,13:55:45,success
bob,192.168.1.1,13:55:47,success
alice,172.16.0.5,13:55:49,failed
bob,192.168.1.1,13:55:51,success
alice,192.168.1.1,13:55:53,success
admin,192.168.1.1,13:55:55,success
alice,192.168.1.1,13:55:57,failed
admin,172.16.0.5,13:55:59,success
alice,10.0.0.1,13:56:01,failed
john,172.16.0.5,13:56:03,failed
alice,172.16.0.5,13:56:05,failed
admin,10.0.0.1,13:56:07,success
bob,10.0.0.1,13:56:09,failed
bob,172.16.0.5,13:56:11,success
bob,10.0.0.1,13:56:13,success
alice,172.16.0.5,13:56:15,failed
admin,192.168.1.1,13:56:17,failed
john,10.0.0.1,13:56:19,success
alice,192.168.1.1,13:56:21,success
bob,172.16.0.5,13:56:23,failed
alice,192.168.1.1,13:56:25,failed
admin,172.16.0.5,13:56:27,failed
alice,172.16.0.5,13:56:29,success
john,172.16.0.5,13:56:31,success
admin,192.168.1.1,13:56:33,failed
alice,10.0.0.1,13:56:35,success
alice,192.168.1.1,13:56:37,failed
admin,10.0.0.1,13:56:39,failed
alice,10.0.0.1,13:56:41,failed
admin,192.168.1.1,13:56:43,failed
john,192.168.1.1,13:56:45,failed
john,10.0.0.1,13:56:47,success
admin,10.0.0.1,13:56:49,failed
john,172.16.0.5,13:56:51,failed
alice,172.16.0.5,13:56:53,success
admin,192.168.1.1,13:56:55,failed
bob,10.0.0.1,13:56:57,failed
bob,10.0.0.1,13:56:59,success
bob,172.16.0.5,13:57:01,failed
alice,192.168.1.1,13:57:03,failed
bob,172.16.0.5,13:57:05,success
bob,10.0.0.1,13:57:07,success
john,10.0.0.1,13:57:09,success
bob,192.168.1.1,13:57:11,failed
john,172.16.0.5,13:57:13,success
john,192.168.1.1,13:57:15,failed
alice,10.0.0.1,13:57:17,failed
alice,192.168.1.1,13:57:19,failed
admin,192.168.1.1,13:57:21,success
alice,172.16.0.5,13:57:23,failed
bob,192.168.1.1,13:57:25,success
bob,192.168.1.1,13:57:27,success
alice,10.0.0.1,13:57:29,failed
admin,192.168.1.1,13:57:31,failed
admin,10.0.0.1,13:57:33,failed
bob,172.16.0.5,13:57:35,success
bob,192.168.1.1,13:57:37,success
john,192.168.1.1,13:57:39,success
alice,172.16.0.5,13:57:41,success
bob,192.168.1.1,13:57:43,failed
john,10.0.0.1,13:57:45,failed
admin,172.16.0.5,13:57:47,failed
john,172.16.0.5,13:57:49,failed
john,172.16.0.5,13:57:51,success
admin,10.0.0.1,13:57:53,failed
bob,172.16.0.5,13:57:55,failed
bob,172.16.0.5,13:57:57,success
alice,192.168.1.1,13:57:59,failed
john,172.16.0.5,13:58:01,failed
admin,192.168.1.1,13:58:03,success
john,192.168.1.1,13:58:05,failed
bob,192.168.1.1,13:58:07,failed
alice,172.16.0.5,13:58:09,success
admin,172.16.0.5,13:58:11,success
bob,10.0.0.1,13:58:13,failed
alice,10.0.0.1,13:58:15,failed
john,192.168.1.1,13:58:17,failed
admin,10.0.0.1,13:58:19,failed
bob,10.0.0.1,13:58:21,success
john,172.16.0.5,13:58:23,failed
admin,10.0.0.1,13:58:25,success
bob,10.0.0.1,13:58:27,failed
admin,172.16.0.5,13:58:29,failed
john,172.16.0.5,13:58:31,success
admin,192.168.1.1,13:58:33,failed
admin,10.0.0.1,13:58:35,success
admin,10.0.0.1,13:58:37,success
admin,172.16.0.5,13:58:39,failed
bob,192.168.1.1,13:58:41,failed
admin,192.168.1.1,13:58:43,failed
bob,10.0.0.1,13:58:45,failed
admin,10.0.0.1,13:58:47,failed
alice,10.0.0.1,13:58:49,success
john,192.168.1.1,13:58:51,failed
john,10.0.0.1,13:58:53,failed
alice,10.0.0.1,13:58:55,failed
alice,192.168.1.1,13:58:57,failed
john,10.0.0.1,13:58:59,failed
alice,10.0.0.1,13:59:01,success
john,10.0.0.1,13:59:03,failed
john,10.0.0.1,13:59:05,success
alice,172.16.0.5,13:59:07,failed
bob,192.168.1.1,13:59:09,success
admin,192.168.1.1,13:59:11,success
admin,172.16.0.5,13:59:13,success
bob,172.16.0.5,13:59:15,success
john,192.168.1.1,13:59:17,success
john,10.0.0.1,13:59:19,failed
john,10.0.0.1,13:59:21,success
bob,192.168.1.1,13:59:23,failed
alice,10.0.0.1,13:59:25,success
alice,192.168.1.1,13:59:27,success
bob,192.168.1.1,13:59:29,success
bob,172.16.0.5,13:59:31,failed
admin,172.16.0.5,13:59:33,failed
alice,172.16.0.5,13:59:35,success
admin,192.168.1.1,13:59:37,failed
alice,172.16.0.5,13:59:39,failed
john,192.168.1.1,13:59:41,success
john,172.16.0.5,13:59:43,failed
admin,172.16.0.5,13:59:45,success
john,10.0.0.1,13:59:47,failed
admin,10.0.0.1,13:59:49,failed
admin,192.168.1.1,13:59:51,failed
alice,10.0.0.1,13:59:53,success
john,172.16.0.5,13:59:55,success
john,10.0.0.1,13:59:57,failed
bob,10.0.0.1,13:59:59,failed
bob,192.168.1.1,14:00:01,success
admin,10.0.0.1,14:00:03,failed
alice,10.0.0.1,14:00:05,success
john,172.16.0.5,14:00:07,failed
bob,10.0.0.1,14:00:09,failed
john,10.0.0.1,14:00:11,success
admin,10.0.0.1,14:00:13,failed
admin,172.16.0.5,14:00:15,failed
alice,10.0.0.1,14:00:17,failed
bob,172.16.0.5,14:00:19,failed
john,192.168.1.1,14:00:21,success
john,172.16.0.5,14:00:23,success
alice,192.168.1.1,14:00:25,success
john,172.16.0.5,14:00:27,success
john,192.168.1.1,14:00:29,failed
bob,172.16.0.5,14:00:31,failed
admin,10.0.0.1,14:00:33,success
admin,10.0.0.1,14:00:35,failed
bob,172.16.0.5,14:00:37,failed
alice,192.168.1.1,14:00:39,failed
admin,10.0.0.1,14:00:41,failed
john,10.0.0.1,14:00:43,failed
bob,10.0.0.1,14:00:45,failed
john,192.168.1.1,14:00:47,success
alice,10.0.0.1,14:00:49,failed
bob,172.16.0.5,14:00:51,failed
admin,172.16.0.5,14:00:53,failed
john,172.16.0.5,14:00:55,success
admin,10.0.0.1,14:00:57,failed
alice,172.16.0.5,14:00:59,success
admin,172.16.0.5,14:01:01,failed
alice,172.16.0.5,14:01:03,success
alice,192.168.1.1,14:01:05,success
bob,10.0.0.1,14:01:07,success
john,192.168.1.1,14:01:09,failed
john,10.0.0.1,14:01:11,success
admin,192.168.1.1,14:01:13,success
alice,10.0.0.1,14:01:15,failed
alice,10.0.0.1,14:01:17,success
alice,10.0.0.1,14:01:19,failed
alice,192.168.1.1,14:01:21,failed
bob,10.0.0.1,14:01:23,success
bob,10.0.0.1,14:01:25,failed
john,10.0.0.1,14:01:27,success
john,192.168.1.1,14:01:29,success
john,10.0.0.1,14:01:31,failed
john,172.16.0.5,14:01:33,failed
bob,10.0.0.1,14:01:35,success
bob,192.168.1.1,14:01:37,success
john,192.168.1.1,14:01:39,failed
alice,192.168.1.1,14:01:41,failed
bob,192.168.1.1,14:01:43,failed
admin,10.0.0.1,14:01:45,success
admin,192.168.1.1,14:01:47,failed
john,172.16.0.5,14:01:49,success
admin,192.168.1.1,14:01:51,success
john,192.168.1.1,14:01:53,success
admin,172.16.0.5,14:01:55,success
john,172.16.0.5,14:01:57,success
john,10.0.0.1,14:01:59,success
john,192.168.1.1,14:02:01,success
admin,172.16.0.5,14:02:03,failed
admin,10.0.0.1,14:02:05,failed
john,172.16.0.5,14:02:07,success
admin,172.16.0.5,14:02:09,failed
alice,10.0.0.1,14:02:11,success
john,172.16.0.5,14:02:13,success
bob,172.16.0.5,14:02:15,failed
alice,10.0.0.1,14:02:17,success
alice,192.168.1.1,14:02:19,success
admin,192.168.1.1,14:02:21,success
alice,192.168.1.1,14:02:23,failed
john,172.16.0.5,14:02:25,failed
john,172.16.0.5,14:02:27,failed
bob,172.16.0.5,14:02:29,success
alice,10.0.0.1,14:02:31,success
alice,10.0.0.1,14:02:33,success
alice,172.16.0.5,14:02:35,failed
admin,10.0.0.1,14:02:37,failed
bob,172.16.0.5,14:02:39,failed
alice,172.16.0.5,14:02:41,success
bob,172.16.0.5,14:02:43,success
bob,192.168.1.1,14:02:45,failed
bob,10.0.0.1,14:02:47,failed
alice,10.0.0.1,14:02:49,success
alice,172.16.0.5,14:02:51,failed
bob,10.0.0.1,14:02:53,success
bob,10.0.0.1,14:02:55,success
bob,192.168.1.1,14:02:57,success
john,192.168.1.1,14:02:59,success
bob,172.16.0.5,14:03:01,failed
alice,192.168.1.1,14:03:03,success
admin,10.0.0.1,14:03:05,success
john,172.16.0.5,14:03:07,success
bob,192.168.1.1,14:03:09,success
alice,192.168.1.1,14:03:11,success
admin,192.168.1.1,14:03:13,failed
admin,192.168.1.1,14:03:15,success
alice,192.168.1.1,14:03:17,success
bob,10.0.0.1,14:03:19,failed
alice,172.16.0.5,14:03:21,success
john,192.168.1.1,14:03:23,success
bob,172.16.0.5,14:03:25,success
alice,192.168.1.1,14:03:27,success
bob,10.0.0.1,14:03:29,success
john,192.168.1.1,14:03:31,success
admin,10.0.0.1,14:03:33,failed
admin,192.168.1.1,14:03:35,failed
john,10.0.0.1,14:03:37,failed
admin,192.168.1.1,14:03:39,success
alice,192.168.1.1,14:03:41,success
bob,192.168.1.1,14:03:43,success
john,10.0.0.1,14:03:45,failed
john,192.168.1.1,14:03:47,success
bob,10.0.0.1,14:03:49,failed
john,172.16.0.5,14:03:51,success
admin,192.168.1.1,14:03:53,failed
alice,172.16.0.5,14:03:55,success
bob,172.16.0.5,14:03:57,success
admin,10.0.0.1,14:03:59,success
admin,10.0.0.1,14:04:01,success
alice,172.16.0.5,14:04:03,success
admin,10.0.0.1,14:04:05,failed
admin,192.168.1.1,14:04:07,failed
alice,192.168.1.1,14:04:09,failed
bob,192.168.1.1,14:04:11,failed
john,172.16.0.5,14:04:13,failed
alice,10.0.0.1,14:04:15,success
admin,10.0.0.1,14:04:17,success
bob,192.168.1.1,14:04:19,failed
bob,172.16.0.5,14:04:21,success
admin,172.16.0.5,14:04:23,success
alice,192.168.1.1,14:04:25,success
john,172.16.0.5,14:04:27,success
bob,10.0.0.1,14:04:29,failed
admin,192.168.1.1,14:04:31,success
bob,192.168.1.1,14:04:33,success
admin,10.0.0.1,14:04:35,success
bob,10.0.0.1,14:04:37,failed
alice,192.168.1.1,14:04:39,failed
bob,10.0.0.1,14:04:41,success
alice,172.16.0.5,14:04:43,success
alice,10.0.0.1,14:04:45,failed
bob,172.16.0.5,14:04:47,success
admin,10.0.0.1,14:04:49,failed
bob,192.168.1.1,14:04:51,success
bob,10.0.0.1,14:04:53,failed
alice,192.168.1.1,14:04:55,failed
bob,10.0.0.1,14:04:57,success
alice,10.0.0.1,14:04:59,failed
alice,172.16.0.5,14:05:01,failed
alice,192.168.1.1,14:05:03,success
admin,192.168.1.1,14:05:05,failed
bob,172.16.0.5,14:05:07,failed
john,192.168.1.1,14:05:09,success
bob,10.0.0.1,14:05:11,success
bob,192.168.1.1,14:05:13,success
bob,10.0.0.1,14:05:15,failed
bob,10.0.0.1,14:05:17,failed
bob,10.0.0.1,14:05:19,failed
admin,172.16.0.5,14:05:21,success
admin,10.0.0.1,14:05:23,success
alice,10.0.0.1,14:05:25,failed
alice,192.168.1.1,14:05:27,success
john,10.0.0.1,14:05:29,failed
john,172.16.0.5,14:05:31,failed
john,172.16.0.5,14:05:33,success
admin,172.16.0.5,14:05:35,failed
alice,172.16.0.5,14:05:37,success
john,10.0.0.1,14:05:39,success
bob,172.16.0.5,14:05:41,failed
john,10.0.0.1,14:05:43,success
alice,10.0.0.1,14:05:45,failed
john,172.16.0.5,14:05:47,success
bob,192.168.1.1,14:05:49,success
alice,10.0.0.1,14:05:51,success
bob,192.168.1.1,14:05:53,success
admin,172.16.0.5,14:05:55,failed
bob,172.16.0.5,14:05:57,success
admin,10.0.0.1,14:05:59,failed
alice,10.0.0.1,14:06:01,failed
john,172.16.0.5,14:06:03,failed
alice,172.16.0.5,14:06:05,failed
bob,192.168.1.1,14:06:07,failed
john,10.0.0.1,14:06:09,success
admin,192.168.1.1,14:06:11,success
bob,192.168.1.1,14:06:13,success
admin,192.168.1.1,14:06:15,failed
bob,10.0.0.1,14:06:17,failed
john,192.168.1.1,14:06:19,failed
john,172.16.0.5,14:06:21,failed
alice,192.168.1.1,14:06:23,success
bob,172.16.0.5,14:06:25,failed
admin,10.0.0.1,14:06:27,failed
john,192.168.1.1,14:06:29,success
john,192.168.1.1,14:06:31,failed
bob,172.16.0.5,14:06:33,failed
alice,10.0.0.1,14:06:35,success
bob,192.168.1.1,14:06:37,success
bob,172.16.0.5,14:06:39,success
admin,172.16.0.5,14:06:41,success
john,172.16.0.5,14:06:43,success
bob,192.168.1.1,14:06:45,failed
john,192.168.1.1,14:06:47,failed
john,192.168.1.1,14:06:49,failed
alice,192.168.1.1,14:06:51,success
john,10.0.0.1,14:06:53,success
bob,10.0.0.1,14:06:55,success
alice,172.16.0.5,14:06:57,failed
admin,172.16.0.5,14:06:59,failed
admin,172.16.0.5,14:07:01,success
admin,10.0.0.1,14:07:03,failed
alice,192.168.1.1,14:07:05,success
admin,192.168.1.1,14:07:07,success
alice,172.16.0.5,14:07:09,success
john,172.16.0.5,14:07:11,success
admin,10.0.0.1,14:07:13,failed
bob,10.0.0.1,14:07:15,success
bob,192.168.1.1,14:07:17,failed
admin,172.16.0.5,14:07:19,failed
admin,172.16.0.5,14:07:21,failed
bob,10.0.0.1,14:07:23,failed
admin,10.0.0.1,14:07:25,success
admin,172.16.0.5,14:07:27,success
bob,10.0.0.1,14:07:29,success
john,192.168.1.1,14:07:31,success
john,10.0.0.1,14:07:33,success
bob,172.16.0.5,14:07:35,success
john,192.168.1.1,14:07:37,success
john,10.0.0.1,14:07:39,failed
john,10.0.0.1,14:07:41,failed
bob,10.0.0.1,14:07:43,failed
admin,172.16.0.5,14:07:45,failed
admin,192.168.1.1,14:07:47,success
alice,172.16.0.5,14:07:49,success
john,172.16.0.5,14:07:51,failed
admin,172.16.0.5,14:07:53,success
bob,192.168.1.1,14:07:55,failed
admin,10.0.0.1,14:07:57,success
bob,192.168.1.1,14:07:59,failed
john,172.16.0.5,14:08:01,failed
admin,10.0.0.1,14:08:03,failed
bob,10.0.0.1,14:08:05,failed
john,10.0.0.1,14:08:07,success
admin,192.168.1.1,14:08:09,failed
john,10.0.0.1,14:08:11,failed
alice,192.168.1.1,14:08:13,failed
john,172.16.0.5,14:08:15,failed
alice,192.168.1.1,14:08:17,success
admin,172.16.0.5,14:08:19,failed
admin,192.168.1.1,14:08:21,success
john,172.16.0.5,14:08:23,success
bob,172.16.0.5,14:08:25,failed
john,192.168.1.1,14:08:27,success
bob,172.16.0.5,14:08:29,failed
john,10.0.0.1,14:08:31,failed
admin,192.168.1.1,14:08:33,success
bob,192.168.1.1,14:08:35,success
alice,192.168.1.1,14:08:37,failed
alice,192.168.1.1,14:08:39,success
alice,10.0.0.1,14:08:41,failed
alice,192.168.1.1,14:08:43,success
bob,172.16.0.5,14:08:45,success
bob,172.16.0.5,14:08:47,success
alice,192.168.1.1,14:08:49,failed
admin,172.16.0.5,14:08:51,success
admin,172.16.0.5,14:08:53,success
john,172.16.0.5,14:08:55,success
john,192.168.1.1,14:08:57,success
admin,192.168.1.1,14:08:59,failed
alice,172.16.0.5,14:09:01,failed
admin,10.0.0.1,14:09:03,success
john,192.168.1.1,14:09:05,success
john,192.168.1.1,14:09:07,success
alice,10.0.0.1,14:09:09,failed
alice,172.16.0.5,14:09:11,failed
john,172.16.0.5,14:09:13,success
admin,172.16.0.5,14:09:15,failed
bob,192.168.1.1,14:09:17,failed
john,172.16.0.5,14:09:19,failed
john,172.16.0.5,14:09:21,failed
admin,172.16.0.5,14:09:23,failed
john,10.0.0.1,14:09:25,success
john,192.168.1.1,14:09:27,failed
alice,192.168.1.1,14:09:29,success
admin,192.168.1.1,14:09:31,success
bob,192.168.1.1,14:09:33,success
alice,172.16.0.5,14:09:35,success
john,172.16.0.5,14:09:37,success
admin,192.168.1.1,14:09:39,success
alice,172.16.0.5,14:09:41,success
john,10.0.0.1,14:09:43,success
alice,10.0.0.1,14:09:45,failed
admin,10.0.0.1,14:09:47,failed
bob,192.168.1.1,14:09:49,success
admin,192.168.1.1,14:09:51,success
bob,10.0.0.1,14:09:53,success
alice,192.168.1.1,14:09:55,failed
john,10.0.0.1,14:09:57,failed
bob,10.0.0.1,14:09:59,failed
admin,192.168.1.1,14:10:01,failed
admin,172.16.0.5,14:10:03,success
alice,10.0.0.1,14:10:05,success
alice,192.168.1.1,14:10:07,failed
bob,10.0.0.1,14:10:09,success
bob,10.0.0.1,14:10:11,failed
alice,10.0.0.1,14:10:13,success
alice,192.168.1.1,14:10:15,success
admin,172.16.0.5,14:10:17,success
john,10.0.0.1,14:10:19,success
john,10.0.0.1,14:10:21,success
bob,192.168.1.1,14:10:23,success
bob,172.16.0.5,14:10:25,success
admin,10.0.0.1,14:10:27,failed
bob,10.0.0.1,14:10:29,failed
john,10.0.0.1,14:10:31,success
bob,10.0.0.1,14:10:33,success
john,192.168.1.1,14:10:35,success
admin,192.168.1.1,14:10:37,success
bob,192.168.1.1,14:10:39,failed
bob,10.0.0.1,14:10:41,failed
admin,172.16.0.5,14:10:43,failed
alice,172.16.0.5,14:10:45,success
john,192.168.1.1,14:10:47,success
bob,10.0.0.1,14:10:49,success
bob,172.16.0.5,14:10:51,failed
john,10.0.0.1,14:10:53,success
alice,10.0.0.1,14:10:55,failed
john,192.168.1.1,14:10:57,failed
bob,172.16.0.5,14:10:59,success
admin,192.168.1.1,14:11:01,failed
admin,172.16.0.5,14:11:03,failed
bob,10.0.0.1,14:11:05,success
john,10.0.0.1,14:11:07,success
alice,172.16.0.5,14:11:09,success
bob,10.0.0.1,14:11:11,success
admin,10.0.0.1,14:11:13,failed
admin,10.0.0.1,14:11:15,success
admin,172.16.0.5,14:11:17,success
admin,172.16.0.5,14:11:19,success
admin,10.0.0.1,14:11:21,success
john,172.16.0.5,14:11:23,success
bob,172.16.0.5,14:11:25,success
john,172.16.0.5,14:11:27,failed
admin,172.16.0.5,14:11:29,success
alice,10.0.0.1,14:11:31,success
bob,192.168.1.1,14:11:33,failed
john,10.0.0.1,14:11:35,failed
bob,172.16.0.5,14:11:37,failed
john,192.168.1.1,14:11:39,success
john,192.168.1.1,14:11:41,failed
bob,172.16.0.5,14:11:43,failed
alice,10.0.0.1,14:11:45,failed
alice,172.16.0.5,14:11:47,success
alice,192.168.1.1,14:11:49,success
alice,172.16.0.5,14:11:51,success
john,10.0.0.1,14:11:53,failed
john,10.0.0.1,14:11:55,failed
alice,10.0.0.1,14:11:57,success
john,172.16.0.5,14:11:59,success
bob,10.0.0.1,14:12:01,failed
bob,172.16.0.5,14:12:03,success
admin,192.168.1.1,14:12:05,failed
bob,172.16.0.5,14:12:07,failed
admin,172.16.0.5,14:12:09,success
alice,172.16.0.5,14:12:11,success
admin,10.0.0.1,14:12:13,success
admin,172.16.0.5,14:12:15,failed
alice,10.0.0.1,14:12:17,failed
alice,192.168.1.1,14:12:19,success
alice,10.0.0.1,14:12:21,failed
john,172.16.0.5,14:12:23,failed
admin,172.16.0.5,14:12:25,failed
john,10.0.0.1,14:12:27,failed
alice,172.16.0.5,14:12:29,success
john,172.16.0.5,14:12:31,failed
bob,10.0.0.1,14:12:33,success
john,172.16.0.5,14:12:35,failed
john,10.0.0.1,14:12:37,success
bob,172.16.0.5,14:12:39,failed
admin,192.168.1.1,14:12:41,success
bob,172.16.0.5,14:12:43,failed
bob,192.168.1.1,14:12:45,failed
john,172.16.0.5,14:12:47,success
john,172.16.0.5,14:12:49,success
alice,10.0.0.1,14:12:51,failed
bob,192.168.1.1,14:12:53,success
admin,172.16.0.5,14:12:55,failed
bob,10.0.0.1,14:12:57,success
alice,172.16.0.5,14:12:59,failed
alice,192.168.1.1,14:13:01,failed
john,192.168.1.1,14:13:03,failed
bob,172.16.0.5,14:13:05,success
bob,192.168.1.1,14:13:07,success
bob,10.0.0.1,14:13:09,failed
admin,172.16.0.5,14:13:11,failed
admin,192.168.1.1,14:13:13,failed
john,10.0.0.1,14:13:15,success
bob,10.0.0.1,14:13:17,failed
bob,10.0.0.1,14:13:19,success
admin,10.0.0.1,14:13:21,success
admin,10.0.0.1,14:13:23,success
john,172.16.0.5,14:13:25,success
bob,192.168.1.1,14:13:27,success
admin,10.0.0.1,14:13:29,failed
admin,192.168.1.1,14:13:31,success
alice,10.0.0.1,14:13:33,failed
alice,10.0.0.1,14:13:35,success
john,10.0.0.1,14:13:37,failed
bob,10.0.0.1,14:13:39,success
admin,172.16.0.5,14:13:41,success
alice,10.0.0.1,14:13:43,failed
john,172.16.0.5,14:13:45,failed
bob,172.16.0.5,14:13:47,failed
admin,10.0.0.1,14:13:49,success
bob,10.0.0.1,14:13:51,success
bob,10.0.0.1,14:13:53,success
bob,10.0.0.1,14:13:55,success
john,192.168.1.1,14:13:57,failed
john,10.0.0.1,14:13:59,success
bob,10.0.0.1,14:14:01,success
admin,172.16.0.5,14:14:03,success
bob,172.16.0.5,14:14:05,failed
john,10.0.0.1,14:14:07,failed
admin,192.168.1.1,14:14:09,failed
admin,10.0.0.1,14:14:11,success
alice,192.168.1.1,14:14:13,success
john,192.168.1.1,14:14:15,failed
bob,192.168.1.1,14:14:17,failed
bob,192.168.1.1,14:14:19,success
alice,192.168.1.1,14:14:21,failed
bob,192.168.1.1,14:14:23,success
john,172.16.0.5,14:14:25,failed
admin,172.16.0.5,14:14:27,failed
bob,10.0.0.1,14:14:29,success
admin,172.16.0.5,14:14:31,failed
bob,172.16.0.5,14:14:33,failed
bob,10.0.0.1,14:14:35,success
john,172.16.0.5,14:14:37,failed
john,192.168.1.1,14:14:39,success
admin,192.168.1.1,14:14:41,success
john,192.168.1.1,14:14:43,failed
admin,192.168.1.1,14:14:45,success
john,172.16.0.5,14:14:47,success
bob,192.168.1.1,14:14:49,failed
john,172.16.0.5,14:14:51,success
john,172.16.0.5,14:14:53,success
bob,10.0.0.1,14:14:55,success
alice,172.16.0.5,14:14:57,failed
bob,10.0.0.1,14:14:59,success
john,10.0.0.1,14:15:01,success
bob,192.168.1.1,14:15:03,success
john,192.168.1.1,14:15:05,success
admin,192.168.1.1,14:15:07,failed
admin,172.16.0.5,14:15:09,success
john,192.168.1.1,14:15:11,failed
alice,10.0.0.1,14:15:13,success
bob,192.168.1.1,14:15:15,failed
alice,172.16.0.5,14:15:17,failed
alice,172.16.0.5,14:15:19,failed
admin,10.0.0.1,14:15:21,failed
alice,192.168.1.1,14:15:23,success
bob,172.16.0.5,14:15:25,success
admin,172.16.0.5,14:15:27,success
admin,172.16.0.5,14:15:29,success
john,192.168.1.1,14:15:31,failed
alice,192.168.1.1,14:15:33,failed
bob,192.168.1.1,14:15:35,success
admin,192.168.1.1,14:15:37,success
bob,172.16.0.5,14:15:39,failed
bob,172.16.0.5,14:15:41,success
bob,10.0.0.1,14:15:43,failed
admin,192.168.1.1,14:15:45,failed
admin,192.168.1.1,14:15:47,success
bob,10.0.0.1,14:15:49,failed
admin,10.0.0.1,14:15:51,failed
bob,172.16.0.5,14:15:53,failed
alice,10.0.0.1,14:15:55,failed
admin,172.16.0.5,14:15:57,failed
john,192.168.1.1,14:15:59,failed
admin,192.168.1.1,14:16:01,failed
john,192.168.1.1,14:16:03,success
admin,10.0.0.1,14:16:05,success
admin,10.0.0.1,14:16:07,success
bob,10.0.0.1,14:16:09,failed
john,192.168.1.1,14:16:11,failed
alice,172.16.0.5,14:16:13,failed
alice,172.16.0.5,14:16:15,success
alice,172.16.0.5,14:16:17,success
john,10.0.0.1,14:16:19,failed
admin,192.168.1.1,14:16:21,failed
john,10.0.0.1,14:16:23,success
admin,10.0.0.1,14:16:25,success
bob,10.0.0.1,14:16:27,failed
bob,172.16.0.5,14:16:29,success
bob,192.168.1.1,14:16:31,failed
bob,172.16.0.5,14:16:33,failed
john,10.0.0.1,14:16:35,success
bob,10.0.0.1,14:16:37,success
bob,192.168.1.1,14:16:39,failed
alice,10.0.0.1,14:16:41,success
john,10.0.0.1,14:16:43,success
bob,10.0.0.1,14:16:45,failed
john,172.16.0.5,14:16:47,success
bob,192.168.1.1,14:16:49,failed
bob,192.168.1.1,14:16:51,failed
admin,172.16.0.5,14:16:53,success
alice,10.0.0.1,14:16:55,failed
bob,10.0.0.1,14:16:57,failed
john,172.16.0.5,14:16:59,failed
bob,192.168.1.1,14:17:01,failed
alice,10.0.0.1,14:17:03,failed
john,10.0.0.1,14:17:05,success
alice,192.168.1.1,14:17:07,failed
admin,10.0.0.1,14:17:09,success
bob,172.16.0.5,14:17:11,success
bob,172.16.0.5,14:17:13,failed
admin,172.16.0.5,14:17:15,success
bob,192.168.1.1,14:17:17,success
admin,192.168.1.1,14:17:19,success
john,192.168.1.1,14:17:21,success
john,172.16.0.5,14:17:23,failed
john,172.16.0.5,14:17:25,failed
john,172.16.0.5,14:17:27,failed
alice,172.16.0.5,14:17:29,failed
admin,172.16.0.5,14:17:31,success
john,172.16.0.5,14:17:33,failed
alice,10.0.0.1,14:17:35,success
bob,10.0.0.1,14:17:37,success
alice,10.0.0.1,14:17:39,success
admin,192.168.1.1,14:17:41,failed
alice,192.168.1.1,14:17:43,failed
bob,172.16.0.5,14:17:45,success
bob,10.0.0.1,14:17:47,failed
alice,10.0.0.1,14:17:49,success
john,10.0.0.1,14:17:51,failed
john,172.16.0.5,14:17:53,failed
john,192.168.1.1,14:17:55,failed
admin,192.168.1.1,14:17:57,failed
bob,172.16.0.5,14:17:59,failed
alice,10.0.0.1,14:18:01,success
bob,10.0.0.1,14:18:03,success
bob,172.16.0.5,14:18:05,failed
bob,10.0.0.1,14:18:07,failed
bob,192.168.1.1,14:18:09,failed
bob,10.0.0.1,14:18:11,success
admin,10.0.0.1,14:18:13,success
admin,10.0.0.1,14:18:15,failed
bob,192.168.1.1,14:18:17,success
alice,192.168.1.1,14:18:19,failed
alice,10.0.0.1,14:18:21,failed
john,10.0.0.1,14:18:23,success
admin,172.16.0.5,14:18:25,success
admin,172.16.0.5,14:18:27,failed
bob,192.168.1.1,14:18:29,failed
admin,10.0.0.1,14:18:31,failed
john,172.16.0.5,14:18:33,success
john,192.168.1.1,14:18:35,success
admin,192.168.1.1,14:18:37,success
john,172.16.0.5,14:18:39,failed
admin,10.0.0.1,14:18:41,success
alice,192.168.1.1,14:18:43,success
alice,10.0.0.1,14:18:45,failed
john,192.168.1.1,14:18:47,success
john,192.168.1.1,14:18:49,success
admin,10.0.0.1,14:18:51,failed
john,192.168.1.1,14:18:53,failed
admin,192.168.1.1,14:18:55,success
admin,172.16.0.5,14:18:57,success
bob,10.0.0.1,14:18:59,success
alice,10.0.0.1,14:19:01,success
admin,192.168.1.1,14:19:03,success
bob,10.0.0.1,14:19:05,success
bob,192.168.1.1,14:19:07,failed
john,192.168.1.1,14:19:09,success
admin,192.168.1.1,14:19:11,success
admin,192.168.1.1,14:19:13,success
alice,10.0.0.1,14:19:15,failed
john,172.16.0.5,14:19:17,failed
admin,10.0.0.1,14:19:19,success
admin,10.0.0.1,14:19:21,success
bob,192.168.1.1,14:19:23,failed
john,192.168.1.1,14:19:25,failed
john,10.0.0.1,14:19:27,failed
bob,10.0.0.1,14:19:29,failed
john,172.16.0.5,14:19:31,success
admin,172.16.0.5,14:19:33,success
alice,192.168.1.1,14:19:35,failed
john,192.168.1.1,14:19:37,success
bob,10.0.0.1,14:19:39,success
bob,192.168.1.1,14:19:41,success
alice,10.0.0.1,14:19:43,failed
alice,192.168.1.1,14:19:45,success
bob,172.16.0.5,14:19:47,failed
bob,192.168.1.1,14:19:49,failed
alice,192.168.1.1,14:19:51,success
alice,192.168.1.1,14:19:53,failed
alice,10.0.0.1,14:19:55,failed
admin,10.0.0.1,14:19:57,success
john,172.16.0.5,14:19:59,success
admin,10.0.0.1,14:20:01,success
bob,172.16.0.5,14:20:03,success
admin,172.16.0.5,14:20:05,success
admin,172.16.0.5,14:20:07,failed
alice,10.0.0.1,14:20:09,failed
john,10.0.0.1,14:20:11,failed
bob,10.0.0.1,14:20:13,success
bob,172.16.0.5,14:20:15,failed
admin,172.16.0.5,14:20:17,failed
john,10.0.0.1,14:20:19,success
john,192.168.1.1,14:20:21,failed
alice,192.168.1.1,14:20:23,failed
alice,10.0.0.1,14:20:25,success
alice,10.0.0.1,14:20:27,failed
alice,10.0.0.1,14:20:29,failed
bob,172.16.0.5,14:20:31,failed
admin,192.168.1.1,14:20:33,failed
bob,10.0.0.1,14:20:35,success
john,172.16.0.5,14:20:37,success
admin,172.16.0.5,14:20:39,success
alice,172.16.0.5,14:20:41,success
admin,10.0.0.1,14:20:43,failed
alice,172.16.0.5,14:20:45,failed
john,10.0.0.1,14:20:47,failed
bob,10.0.0.1,14:20:49,success
bob,10.0.0.1,14:20:51,success
bob,10.0.0.1,14:20:53,failed
bob,172.16.0.5,14:20:55,success
john,172.16.0.5,14:20:57,failed
john,172.16.0.5,14:20:59,failed
admin,192.168.1.1,14:21:01,failed
alice,172.16.0.5,14:21:03,failed
john,172.16.0.5,14:21:05,success
bob,10.0.0.1,14:21:07,success
bob,10.0.0.1,14:21:09,success
admin,172.16.0.5,14:21:11,failed
john,172.16.0.5,14:21:13,success
